generation,best_fitness,avg_fitness,worst_fitness,feasible_count,elapsed_sec
0,24979644.745827068,32137060.834742233,39677786.086791985,54,15.438149213790894
1,24612880.16932331,34508058.559600756,45422379.21646617,45,159.66221618652344
